url,path,local_file,status,kind
https://bertlclaw.at/,/,index.html,live_local_present,core
https://bertlclaw.at/services.html,/services.html,services.html,live_local_present,core
https://bertlclaw.at/kontakt.html,/kontakt.html,kontakt.html,live_local_present,core
https://bertlclaw.at/erstgespraech.html,/erstgespraech.html,erstgespraech.html,live_local_present,core
https://bertlclaw.at/preise.html,/preise.html,preise.html,live_local_present,core
https://bertlclaw.at/proof.html,/proof.html,proof.html,live_local_present,core
https://bertlclaw.at/arbeitsweise.html,/arbeitsweise.html,arbeitsweise.html,live_local_present,core
https://bertlclaw.at/ueber-bertlclaw.html,/ueber-bertlclaw.html,ueber-bertlclaw.html,live_local_present,core
https://bertlclaw.at/landingpages.html,/landingpages.html,landingpages.html,live_local_present,core
https://bertlclaw.at/use-cases.html,/use-cases.html,use-cases.html,live_local_present,core
https://bertlclaw.at/faq.html,/faq.html,faq.html,live_local_present,core
https://bertlclaw.at/impressum.html,/impressum.html,impressum.html,live_local_present,cluster_or_other
https://bertlclaw.at/datenschutz.html,/datenschutz.html,datenschutz.html,live_local_present,cluster_or_other
https://bertlclaw.at/website-texte-positionierung.html,/website-texte-positionierung.html,website-texte-positionierung.html,live_local_present,cluster_or_other
https://bertlclaw.at/positionierung-website-texte.html,/positionierung-website-texte.html,positionierung-website-texte.html,live_local_present,cluster_or_other
https://bertlclaw.at/digitale-struktur-systeme.html,/digitale-struktur-systeme.html,digitale-struktur-systeme.html,live_local_present,cluster_or_other
https://bertlclaw.at/digital-clarity-setup.html,/digital-clarity-setup.html,digital-clarity-setup.html,live_local_present,cluster_or_other
https://bertlclaw.at/ki-fuer-selbststaendige.html,/ki-fuer-selbststaendige.html,ki-fuer-selbststaendige.html,live_local_present,cluster_or_other
https://bertlclaw.at/mvp-digitale-produktideen.html,/mvp-digitale-produktideen.html,mvp-digitale-produktideen.html,live_local_present,cluster_or_other
https://bertlclaw.at/landingpage-sprint.html,/landingpage-sprint.html,landingpage-sprint.html,live_local_present,cluster_or_other
https://bertlclaw.at/blog/index.html,/blog/index.html,blog/index.html,live_local_present,blog
https://bertlclaw.at/blog/erste-kunden-gewinnen-selbststaendige.html,/blog/erste-kunden-gewinnen-selbststaendige.html,blog/erste-kunden-gewinnen-selbststaendige.html,live_local_present,blog
https://bertlclaw.at/blog/gewerbe-anmelden-oesterreich.html,/blog/gewerbe-anmelden-oesterreich.html,blog/gewerbe-anmelden-oesterreich.html,live_local_present,blog
https://bertlclaw.at/blog/website-kosten-selbststaendige.html,/blog/website-kosten-selbststaendige.html,blog/website-kosten-selbststaendige.html,live_local_present,blog
https://bertlclaw.at/blog/positionierung-nische-beispiele.html,/blog/positionierung-nische-beispiele.html,blog/positionierung-nische-beispiele.html,live_local_present,blog
https://bertlclaw.at/blog/freelancer-rechnung-schreiben.html,/blog/freelancer-rechnung-schreiben.html,blog/freelancer-rechnung-schreiben.html,live_local_present,blog
https://bertlclaw.at/blog/netzwerk-aufbauen-selbststaendige.html,/blog/netzwerk-aufbauen-selbststaendige.html,blog/netzwerk-aufbauen-selbststaendige.html,live_local_present,blog
https://bertlclaw.at/blog/erp-hintergrund-freelancer.html,/blog/erp-hintergrund-freelancer.html,blog/erp-hintergrund-freelancer.html,live_local_present,blog
https://bertlclaw.at/blog/website-absprungrate-reduzieren.html,/blog/website-absprungrate-reduzieren.html,blog/website-absprungrate-reduzieren.html,live_local_present,blog
https://bertlclaw.at/blog/website-conversion-optimieren.html,/blog/website-conversion-optimieren.html,blog/website-conversion-optimieren.html,live_local_present,blog
https://bertlclaw.at/blog/linkedin-profil-selbststaendige.html,/blog/linkedin-profil-selbststaendige.html,blog/linkedin-profil-selbststaendige.html,live_local_present,blog
https://bertlclaw.at/blog/online-sichtbarkeit-ohne-social-media.html,/blog/online-sichtbarkeit-ohne-social-media.html,blog/online-sichtbarkeit-ohne-social-media.html,live_local_present,blog
https://bertlclaw.at/blog/kunden-finden-ohne-kaltakquise.html,/blog/kunden-finden-ohne-kaltakquise.html,blog/kunden-finden-ohne-kaltakquise.html,live_local_present,blog
https://bertlclaw.at/blog/angebot-schreiben-freelancer.html,/blog/angebot-schreiben-freelancer.html,blog/angebot-schreiben-freelancer.html,live_local_present,blog
https://bertlclaw.at/blog/content-marketing-selbststaendige.html,/blog/content-marketing-selbststaendige.html,blog/content-marketing-selbststaendige.html,live_local_present,blog
https://bertlclaw.at/blog/copywriting-selbststaendige-tipps.html,/blog/copywriting-selbststaendige-tipps.html,blog/copywriting-selbststaendige-tipps.html,live_local_present,blog
https://bertlclaw.at/blog/digitale-nomaden-freelancer.html,/blog/digitale-nomaden-freelancer.html,blog/digitale-nomaden-freelancer.html,live_local_present,blog
https://bertlclaw.at/blog/digitale-praesenz-selbststaendige.html,/blog/digitale-praesenz-selbststaendige.html,blog/digitale-praesenz-selbststaendige.html,live_local_present,blog
https://bertlclaw.at/blog/digitales-angebot-erstellen.html,/blog/digitales-angebot-erstellen.html,blog/digitales-angebot-erstellen.html,live_local_present,blog
https://bertlclaw.at/blog/empfehlungsmarketing-selbststaendige.html,/blog/empfehlungsmarketing-selbststaendige.html,blog/empfehlungsmarketing-selbststaendige.html,live_local_present,blog
https://bertlclaw.at/blog/erster-auftrag-als-freelancer.html,/blog/erster-auftrag-als-freelancer.html,blog/erster-auftrag-als-freelancer.html,live_local_present,blog
https://bertlclaw.at/blog/freelancer-produktivitaet.html,/blog/freelancer-produktivitaet.html,blog/freelancer-produktivitaet.html,live_local_present,blog
https://bertlclaw.at/blog/freelancer-stundensatz-berechnen.html,/blog/freelancer-stundensatz-berechnen.html,blog/freelancer-stundensatz-berechnen.html,live_local_present,blog
https://bertlclaw.at/blog/freelancer-website-checkliste-2026.html,/blog/freelancer-website-checkliste-2026.html,blog/freelancer-website-checkliste-2026.html,live_local_present,blog
https://bertlclaw.at/blog/freelancer-website-keine-anfragen.html,/blog/freelancer-website-keine-anfragen.html,blog/freelancer-website-keine-anfragen.html,live_local_present,blog
https://bertlclaw.at/blog/google-my-business-selbststaendige.html,/blog/google-my-business-selbststaendige.html,blog/google-my-business-selbststaendige.html,live_local_present,blog
https://bertlclaw.at/blog/kleine-unternehmen-website-tipps.html,/blog/kleine-unternehmen-website-tipps.html,blog/kleine-unternehmen-website-tipps.html,live_local_present,blog
https://bertlclaw.at/blog/kundengespraeche-fuehren.html,/blog/kundengespraeche-fuehren.html,blog/kundengespraeche-fuehren.html,live_local_present,blog
https://bertlclaw.at/blog/landingpage-vs-website.html,/blog/landingpage-vs-website.html,blog/landingpage-vs-website.html,live_local_present,blog
https://bertlclaw.at/blog/nische-finden-schritt-fuer-schritt.html,/blog/nische-finden-schritt-fuer-schritt.html,blog/nische-finden-schritt-fuer-schritt.html,live_local_present,blog
https://bertlclaw.at/blog/positionierung-freelancer-leitfaden.html,/blog/positionierung-freelancer-leitfaden.html,blog/positionierung-freelancer-leitfaden.html,live_local_present,blog
https://bertlclaw.at/blog/preise-kommunizieren-freelancer.html,/blog/preise-kommunizieren-freelancer.html,blog/preise-kommunizieren-freelancer.html,live_local_present,blog
https://bertlclaw.at/blog/preisverhandlung-freelancer.html,/blog/preisverhandlung-freelancer.html,blog/preisverhandlung-freelancer.html,live_local_present,blog
https://bertlclaw.at/blog/projektmanagement-freelancer.html,/blog/projektmanagement-freelancer.html,blog/projektmanagement-freelancer.html,live_local_present,blog
https://bertlclaw.at/blog/selbststaendige-social-media.html,/blog/selbststaendige-social-media.html,blog/selbststaendige-social-media.html,live_local_present,blog
https://bertlclaw.at/blog/selbststaendige-versicherungen.html,/blog/selbststaendige-versicherungen.html,blog/selbststaendige-versicherungen.html,live_local_present,blog
https://bertlclaw.at/blog/seo-grundlagen-selbststaendige.html,/blog/seo-grundlagen-selbststaendige.html,blog/seo-grundlagen-selbststaendige.html,live_local_present,blog
https://bertlclaw.at/blog/testimonials-einsammeln-freelancer.html,/blog/testimonials-einsammeln-freelancer.html,blog/testimonials-einsammeln-freelancer.html,live_local_present,blog
https://bertlclaw.at/blog/was-kostet-landingpage-2026.html,/blog/was-kostet-landingpage-2026.html,blog/was-kostet-landingpage-2026.html,live_local_present,blog
https://bertlclaw.at/blog/website-barrierefreiheit-selbststaendige.html,/blog/website-barrierefreiheit-selbststaendige.html,blog/website-barrierefreiheit-selbststaendige.html,live_local_present,blog
https://bertlclaw.at/blog/website-gefunden-werden-wie-lange.html,/blog/website-gefunden-werden-wie-lange.html,blog/website-gefunden-werden-wie-lange.html,live_local_present,blog
https://bertlclaw.at/blog/website-relaunch-selbststaendige.html,/blog/website-relaunch-selbststaendige.html,blog/website-relaunch-selbststaendige.html,live_local_present,blog
https://bertlclaw.at/blog/website-texte-selber-schreiben.html,/blog/website-texte-selber-schreiben.html,blog/website-texte-selber-schreiben.html,live_local_present,blog
